<?xml version="1.0" encoding="UTF-8"?>
<!-- Created by Stephen Adjei-Kyei (GHSS) -->
<configuration>
	<supportedtestTypes>
		<testtype>		
			<testtypeid>18</testtypeid>
			<testtypename>Full Blood Count (FBC) - MICROS</testtypename>
		</testtype>			
	</supportedtestTypes>
	<supportedsamples>		
		<sample>
			<equipmentsampleid>1</equipmentsampleid>
			<lissampleid>22</lissampleid>
			<samplename>Whole Blood</samplename>
		</sample>		
	</supportedsamples>
	<supportedtests>
		<listest>
			<equipmenttestid>!</equipmenttestid>
			<listestid>272</listestid>
			<listestname>WBC</listestname>
		</listest>	
		<listest>
			<equipmenttestid>2</equipmenttestid>
			<listestid>273</listestid>
			<listestname>RBC</listestname>
		</listest>	
		<listest>
			<equipmenttestid>3</equipmenttestid>
			<listestid>274</listestid>
			<listestname>HGB</listestname>
		</listest>	
		<listest>
			<equipmenttestid>4</equipmenttestid>
			<listestid>275</listestid>
			<listestname>HCT</listestname>
		</listest>	
		<listest>
			<equipmenttestid>5</equipmenttestid>
			<listestid>278</listestid>
			<listestname>MCV</listestname>
		</listest>	
		<listest>
			<equipmenttestid>6</equipmenttestid>
			<listestid>279</listestid>
			<listestname>MCH</listestname>
		</listest>	
		<listest>
			<equipmenttestid>7</equipmenttestid>
			<listestid>280</listestid>
			<listestname>MCHC</listestname>
		</listest>	
		<listest>
			<equipmenttestid>8</equipmenttestid>
			<listestid>281</listestid>
			<listestname>RDW</listestname>
		</listest>
		<listest>
			<equipmenttestid>@</equipmenttestid>
			<listestid>276</listestid>
			<listestname>PLT</listestname>
		</listest>	
		<listest>
			<equipmenttestid>A</equipmenttestid>
			<listestid>282</listestid>
			<listestname>MPV</listestname>
		</listest>	
		<listest>
			<equipmenttestid>B</equipmenttestid>
			<listestid>277</listestid>
			<listestname>THT</listestname>
		</listest>	
		<listest>
			<equipmenttestid>C</equipmenttestid>
			<listestid>283</listestid>
			<listestname>PDW</listestname>
		</listest>			
		<listest>
			<equipmenttestid>#</equipmenttestid>
			<listestid>284</listestid>
			<listestname>LYM%</listestname>
		</listest>	
		<listest>
			<equipmenttestid>%</equipmenttestid>
			<listestid>285</listestid>
			<listestname>MON%</listestname>
		</listest>	
		<listest>
			<equipmenttestid>&quot;</equipmenttestid>
			<listestid>287</listestid>
			<listestname>LYM#</listestname>
		</listest>	
		<listest>
			<equipmenttestid>$</equipmenttestid>
			<listestid>288</listestid>
			<listestname>MON#</listestname>
		</listest>			
		<listest>
			<equipmenttestid>&amp;</equipmenttestid>
			<listestid>289</listestid>
			<listestname>GRA#</listestname>
		</listest>	
		<listest>
			<equipmenttestid>&apos;</equipmenttestid>
			<listestid>286</listestid>
			<listestname>GRA%</listestname>
		</listest>	
	</supportedtests>
</configuration>
